{"cameraMode":{"drawMode":0,"name":"Shaded","section":"Shading Mode"},"sceneLighting":true,"audioPlay":false,"sceneViewState":{"showFog":true,"showMaterialUpdate":false,"showSkybox":true,"showFlares":true,"showImageEffects":true,"showParticleSystems":true},"in2DMode":false,"pivot":{"x":-3.994293451309204,"y":4.180662155151367,"z":-0.03417529910802841},"rotation":{"x":0.0036018178798258306,"y":-0.007499861065298319,"z":0.000027018904802389443,"w":0.9999658465385437},"size":4.576801300048828,"orthographic":true}