{"cameraMode":{"drawMode":0,"name":"Shaded","section":"Shading Mode"},"sceneLighting":true,"audioPlay":false,"sceneViewState":{"showFog":true,"showMaterialUpdate":false,"showSkybox":true,"showFlares":true,"showImageEffects":true,"showParticleSystems":true},"in2DMode":false,"pivot":{"x":-3.0222129821777345,"y":0.33656251430511477,"z":0.0},"rotation":{"x":-0.0023967388551682235,"y":0.03299405053257942,"z":0.00007922765507828444,"w":0.9994543194770813},"size":1.3532030582427979,"orthographic":true}